51;100,8
18;36
67;136,4
36;70,8
17;34
54;109,2
35;70
42;85,2
64;130,4
25;50
66;130,8
48;96
70;138,8
79;160,4
56;109,6
25;48,8
13;26
49;96,8
10;21,2
79;155,6
50;100
33;64,8
32;61,6
68;136
47;92,8
78;156
55;108,8
50;100
44;85,6
68;133,6
53;106
26;54,4
60;122,4
79;156,8
48;97,2
14;29,2
38;76
79;156,8
69;138
50;102,4
21;42
34;69,2
36;69,6
64;125,6
47;94
57;115,2
13;26
24;50,4
21;43,2
15;30
52;106,4
20;37,6
51;103,2
71;140,8
23;48,4
11;23,2
17;34
29;60,4
46;89,6
68;136
45;92,4
62;124
27;52,8
36;72
15;32,4
27;51,6
43;87,2
58;114,8
10;17,6
27;51,6
51;99,6
11;23,2
36;74,4
66;134,4
23;46
28;56
73;144,8
61;124,4
25;50
60;118,8
47;96,4
77;156,4
60;121,2
24;45,6
21;43,2
72;142,8
24;48
35;72,4
72;145,2
75;151,2
39;75,6
80;160
53;107,2
80;157,6
72;142,8
67;136,4
70;138,8
40;82,4
33;66
76;152
35;68,8
80;161,2
43;86
73;143,6
36;74,4
43;86
50;102,4
59;120,4
31;60,8
51;103,2
79;160,4
54;110,4
38;74,8
38;74,8
60;118,8
21;42
35;71,2
71;142
27;51,6
21;43,2
76;152
22;42,8
41;82
29;59,2
14;28
53;103,6
50;101,2
42;81,6
49;98
36;70,8
72;142,8
22;42,8
48;97,2
15;32,4
61;122
51;103,2
74;148
19;39,2
69;136,8
39;75,6
19;40,4
39;78
69;140,4
74;150,4
57;115,2
35;71,2
37;76,4
65;131,2
62;122,8
60;117,6
58;114,8
62;124
56;110,8
57;115,2
62;122,8
70;138,8
23;47,2
44;86,8
36;73,2
29;60,4
45;92,4
75;148,8
57;114
47;95,2
14;28
31;63,2
63;126
49;96,8
55;110
59;118
16;34,4
63;123,6
55;108,8
78;153,6
59;119,2
34;68
26;52
48;96
54;109,2
77;154
35;68,8
21;40,8
68;134,8
63;123,6
59;116,8
37;71,6
15;28,8
62;125,2
24;45,6
18;37,2
74;150,4
70;141,2
71;144,4
30;57,6
77;152,8
27;54
58;117,2
20;42,4
80;162,4
28;57,2
28;56
42;84
56;113,2
54;110,4
45;87,6
60;121,2
11;20,8
74;145,6
72;142,8
49;96,8
76;149,6
47;91,6
60;122,4
76;154,4
62;124
55;107,6
11;20,8
77;151,6
72;144
18;38,4
15;32,4
71;144,4
38;73,6
38;76
68;136
67;136,4
69;138
67;132,8
10;18,8
57;111,6
19;35,6
80;160
12;22,8
41;79,6
70;140
69;140,4
32;62,8
41;82
35;68,8
34;69,2
68;133,6
11;22
38;78,4
16;29,6
42;86,4
32;65,2
62;126,4
40;78,8
69;138
77;151,6
71;142
15;27,6
42;85,2
59;115,6
37;76,4
77;152,8
18;34,8
78;154,8
31;63,2
66;132
40;77,6
75;152,4
53;107,2
57;112,8
37;75,2
46;94,4
74;148
14;30,4
47;91,6
76;149,6
52;104
51;102
77;156,4
46;90,8
30;58,8
43;86
37;75,2
75;150
36;72
16;32
78;156
22;41,6
29;56,8
31;60,8
48;93,6
64;129,2
60;117,6
32;61,6
45;90
59;120,4
47;92,8
57;111,6
10;22,4
52;105,2
50;100
57;116,4
51;103,2
50;98,8
34;68
37;75,2
12;26,4
54;110,4
74;146,8
45;87,6
43;83,6
11;19,6
25;47,6
14;25,6
27;52,8
50;97,6
14;26,8
76;153,2
25;52,4
17;35,2
55;110
45;87,6
29;56,8
80;160
58;116
24;48
72;141,6
52;106,4
24;46,8
16;33,2
21;43,2
34;65,6
30;62,4
26;52
35;67,6
52;102,8
70;137,6
17;31,6
13;26
49;96,8
62;124
72;144
32;66,4
18;33,6
18;36
68;136
35;72,4
51;99,6
58;113,6
60;117,6
27;54
26;54,4
41;82
56;114,4
10;17,6
50;100
56;112
10;21,2
65;127,6
15;31,2
70;137,6
45;91,2
73;144,8
57;116,4
75;151,2
66;130,8
52;101,6
26;53,2
53;104,8
50;98,8
32;62,8
54;105,6
52;102,8
59;118
48;98,4
22;42,8
54;105,6
37;75,2
10;17,6
31;60,8
56;109,6
16;30,8
45;91,2
52;104
27;54
33;64,8
66;134,4
52;102,8
23;44,8
76;150,8
43;87,2
27;55,2
44;86,8
72;142,8
21;39,6
34;70,4
17;34
26;49,6
47;91,6
34;68
10;20
60;118,8
18;33,6
46;90,8
78;157,2
71;140,8
29;58
72;145,2
77;154
42;86,4
11;22
15;31,2
71;140,8
64;128
70;141,2
24;50,4
12;21,6
79;160,4
74;149,2
39;76,8
19;38
19;35,6
70;137,6
10;18,8
15;28,8
18;34,8
44;90,4
19;36,8
45;91,2
80;161,2
53;103,6
65;128,8
27;52,8
38;78,4
11;19,6
27;51,6
69;140,4
29;58
39;76,8
62;126,4
69;138
42;81,6
41;79,6
49;98
13;28,4
39;75,6
28;57,2
49;96,8
46;94,4
58;118,4
48;93,6
25;47,6
42;86,4
50;101,2
36;70,8
45;91,2
43;86
18;37,2
65;132,4
44;85,6
63;123,6
51;102
72;142,8
69;140,4
71;143,2
77;155,2
80;161,2
52;106,4
42;85,2
74;148
44;90,4
65;130
34;66,8
73;144,8
47;94
13;24,8
22;41,6
18;33,6
57;115,2
74;148
47;95,2
20;42,4
11;24,4
80;162,4
40;82,4
61;123,2
27;51,6
79;158
52;101,6
16;34,4
42;86,4
18;37,2
79;156,8
15;28,8
35;72,4
63;124,8
13;26
58;117,2
79;160,4
65;131,2
53;106
11;23,2
27;56,4
15;30
74;148
25;47,6
58;118,4
14;30,4
11;22
22;42,8
80;162,4
74;149,2
59;116,8
27;56,4
13;24,8
56;114,4
52;104
56;113,2
19;35,6
40;80
12;25,2
61;124,4
45;92,4
75;147,6
21;40,8
71;140,8
22;41,6
67;135,2
68;137,2
70;138,8
30;57,6
28;54,8
36;74,4
52;105,2
68;134,8
30;60
64;125,6
45;87,6
43;88,4
35;70
16;30,8
63;126
38;78,4
50;97,6
38;77,2
22;45,2
61;123,2
23;48,4
32;66,4
79;160,4
11;19,6
64;129,2
18;34,8
46;93,2
80;162,4
19;38
15;30
56;113,2
28;57,2
45;92,4
26;53,2
45;91,2
49;98
43;84,8
61;124,4
14;26,8
78;157,2
67;132,8
54;106,8
15;30
54;108
37;76,4
44;86,8
27;55,2
24;50,4
19;35,6
27;56,4
47;92,8
62;126,4
12;22,8
37;75,2
43;88,4
50;100
38;76
39;80,4
65;128,8
65;132,4
75;151,2
37;71,6
21;39,6
48;98,4
16;34,4
11;24,4
26;52
46;90,8
18;37,2
11;23,2
30;60
13;23,6
72;146,4
66;130,8
17;35,2
53;103,6
72;142,8
29;60,4
38;73,6
26;53,2
39;75,6
73;147,2
78;153,6
76;152
72;144
72;141,6
72;144
59;115,6
59;118
18;38,4
23;48,4
80;162,4
79;156,8
64;125,6
46;94,4
33;63,6
13;23,6
51;99,6
53;106
67;131,6
40;77,6
16;32
28;53,6
19;38
19;35,6
26;50,8
80;162,4
79;160,4
23;48,4
75;152,4
73;148,4
77;154
37;72,8
37;74
69;140,4
11;22
45;87,6
36;69,6
23;46
27;54
19;36,8
23;48,4
11;19,6
51;104,4
49;98
52;105,2
73;148,4
16;30,8
48;97,2
73;148,4
59;120,4
31;60,8
61;122
60;118,8
47;94
49;99,2
26;50,8
44;85,6
30;58,8
50;100
72;145,2
40;82,4
14;29,2
12;25,2
14;29,2
35;70
51;103,2
59;120,4
28;54,8
58;118,4
79;159,2
15;27,6
56;113,2
76;152
63;124,8
52;104
29;55,6
33;66
62;122,8
78;156
44;88
65;131,2
38;73,6
42;84
18;33,6
33;66
50;97,6
22;46,4
27;55,2
33;63,6
54;109,2
34;69,2
31;62
68;134,8
30;62,4
46;92
74;149,2
72;144
44;86,8
32;64
70;141,2
13;26
68;133,6
30;57,6
33;68,4
18;36
72;142,8
68;137,2
64;128
22;45,2
30;58,8
64;128
51;100,8
71;144,4
28;57,2
57;116,4
55;111,2
47;91,6
29;60,4
71;140,8
39;79,2
62;126,4
63;127,2
42;85,2
47;95,2
43;84,8
12;26,4
55;112,4
72;141,6
68;136
42;81,6
48;97,2
36;69,6
74;146,8
77;155,2
40;77,6
72;145,2
39;76,8
59;118
32;65,2
53;106
26;50,8
38;77,2
33;63,6
38;74,8
45;88,8
25;47,6
15;27,6
68;136
13;27,2
35;71,2
31;60,8
30;62,4
41;80,8
59;118
32;61,6
68;136
28;56
13;23,6
71;143,2
54;109,2
77;155,2
27;51,6
54;105,6
65;128,8
47;92,8
77;154
11;22
34;69,2
78;158,4
19;35,6
32;64
22;45,2
67;132,8
31;63,2
30;61,2
63;123,6
23;46
18;36
32;64
38;73,6
12;24
19;39,2
20;42,4
12;25,2
40;77,6
75;151,2
35;67,6
58;113,6
64;128
25;52,4
38;74,8
34;66,8
62;125,2
41;84,4
38;74,8
65;127,6
74;148
67;135,2
65;131,2
62;124
24;45,6
79;155,6
20;41,2
12;25,2
13;28,4
34;66,8
55;108,8
23;47,2
27;56,4
14;30,4
37;74
25;47,6
23;43,6
47;94
57;111,6
64;125,6
31;62
37;71,6
27;55,2
59;120,4
70;140
65;131,2
45;88,8
68;133,6
25;50
28;53,6
48;94,8
70;141,2
65;130
25;50
62;124
64;129,2
68;136
27;55,2
60;118,8
23;44,8
37;72,8
16;30,8
47;91,6
49;100,4
75;150
58;114,8
24;49,2
27;55,2
80;160
17;34
15;30
39;78
79;155,6
72;146,4
58;114,8
11;23,2
53;107,2
71;140,8
50;100
76;149,6
65;131,2
69;138
12;22,8
74;150,4
79;159,2
23;46
21;39,6
62;124
70;138,8
32;62,8
12;26,4
49;98
13;24,8
57;111,6
32;61,6
41;80,8
16;33,2
61;119,6
35;71,2
68;138,4
11;22
72;141,6
25;48,8
46;92
50;98,8
55;108,8
63;123,6
17;36,4
56;114,4
70;137,6
57;115,2
52;105,2
36;74,4
76;153,2
47;92,8
21;44,4
60;122,4
67;131,6
38;73,6
51;103,2
40;80
49;99,2
23;48,4
76;154,4
76;150,8
57;112,8
54;108
66;134,4
47;92,8
34;68
36;72
62;122,8
70;138,8
25;48,8
54;106,8
13;23,6
14;28
62;124
31;60,8
70;142,4
57;114
58;114,8
26;49,6
49;95,6
37;74
14;28
71;139,6
10;17,6
50;102,4
74;145,6
13;23,6
78;157,2
63;123,6
50;101,2
29;59,2
47;91,6
62;121,6
66;130,8
25;51,2
67;134
38;78,4
55;108,8
11;20,8
35;67,6
15;28,8
34;69,2
80;162,4
50;102,4
72;142,8
17;34
63;123,6
45;90
52;101,6
38;73,6
54;108
75;152,4
66;134,4
69;139,2
60;122,4
79;156,8
49;95,6
23;48,4
55;110
46;93,2
46;93,2
24;46,8
77;154
20;37,6
15;31,2
30;60
13;24,8
19;38
29;56,8
77;156,4
37;71,6
24;46,8
76;150,8
67;131,6
72;142,8
69;139,2
21;43,2
15;30
39;79,2
50;102,4
23;46
68;136
29;55,6
17;34
42;85,2
19;35,6
43;88,4
55;111,2
20;37,6
49;98
16;33,2
13;28,4
34;69,2
27;51,6
40;80
65;130
32;62,8
34;68
66;133,2
65;132,4
32;64
14;26,8
15;31,2
68;136
15;32,4
17;34
39;80,4
56;113,2
32;62,8
65;130
46;89,6
47;92,8
59;115,6
70;141,2
21;40,8
69;140,4
44;90,4
67;131,6
43;83,6
62;121,6
49;99,2
40;78,8
39;79,2
57;111,6
37;75,2
61;122
15;30
56;113,2
47;92,8
53;107,2
79;160,4
15;32,4
52;105,2
31;63,2
38;77,2
16;30,8
58;114,8
45;90
32;64
41;84,4
16;33,2
73;143,6
11;19,6
41;84,4
19;35,6
24;50,4
38;77,2
68;133,6
27;52,8
16;34,4
46;90,8
28;56
64;128
39;76,8
51;100,8
64;130,4
25;51,2
68;138,4
51;103,2
18;34,8
42;82,8
70;137,6
68;138,4
41;79,6
76;149,6
77;151,6
14;26,8
47;94
23;43,6
55;108,8
23;46
42;85,2
69;140,4
25;50
68;138,4
51;102
45;87,6
54;105,6
34;70,4
54;110,4
40;78,8
33;67,2
47;91,6
65;128,8
65;130
51;99,6
51;100,8
39;79,2
38;73,6
54;110,4
19;35,6
34;69,2
79;159,2
62;126,4
74;145,6
62;126,4
64;126,8
59;120,4
75;152,4
60;120
52;104
51;104,4
22;45,2
76;149,6
26;54,4
12;22,8
24;50,4
63;128,4
33;66
17;35,2
59;116,8
75;147,6
31;59,6
25;48,8
23;46
76;153,2
61;124,4
46;93,2
20;38,8
25;50
57;111,6
46;92
38;74,8
54;105,6
70;141,2
11;20,8
77;155,2
55;108,8
15;32,4
23;47,2
33;68,4
34;70,4
33;66
39;75,6
50;102,4
20;42,4
29;59,2
41;79,6
16;34,4
70;138,8
12;21,6
62;126,4
70;138,8
52;104
19;36,8
29;58
21;44,4
69;135,6
42;84
20;38,8
29;55,6
58;113,6
49;98
19;38
77;152,8
31;63,2
42;85,2
79;159,2
43;83,6
36;72
38;74,8
62;124
70;138,8
27;55,2
50;100
60;120
15;28,8
25;52,4
23;44,8
74;148
51;100,8
79;156,8
70;140
45;90
75;150
80;157,6
16;32
32;62,8
71;140,8
79;156,8
24;48
80;160
67;131,6
23;46
58;117,2
57;112,8
66;133,2
78;153,6
71;142
35;71,2
54;108
22;45,2
71;144,4
32;65,2
37;72,8
41;83,2
54;108
33;63,6
74;150,4
12;21,6
41;82
51;100,8
63;127,2
32;64
47;96,4
42;81,6
22;46,4
65;128,8
69;136,8
23;48,4
68;134,8
35;67,6
65;130
75;152,4
17;31,6
56;110,8
43;83,6
21;40,8
68;136
78;157,2
17;35,2
48;98,4
40;80
23;44,8
34;68
25;48,8
54;108
14;29,2
45;92,4
74;145,6
22;45,2
23;46
65;127,6
42;84
64;130,4
15;31,2
76;154,4
32;62,8
10;20
21;42
37;72,8
10;21,2
79;158
58;116
31;63,2
34;66,8
80;158,8
48;93,6
34;68
57;116,4
52;104
42;86,4
77;155,2
70;141,2
14;26,8
52;101,6
56;114,4
17;35,2
70;138,8
33;68,4
54;110,4
45;88,8
15;32,4
46;89,6
42;82,8
49;100,4
65;132,4
48;98,4
38;78,4
65;131,2
71;144,4
18;34,8
32;66,4
60;120
12;21,6
40;77,6
38;78,4
49;99,2
71;143,2
19;35,6
22;41,6
56;110,8
71;142
37;74
72;141,6
29;55,6
66;129,6
16;29,6
58;117,2
18;33,6
72;144
48;93,6
47;91,6
73;147,2
32;65,2
17;34
67;134
31;64,4
56;112
42;84
42;84
38;76
14;25,6
76;154,4
29;55,6
29;60,4
21;39,6
69;135,6
76;153,2
31;60,8
37;71,6
34;66,8
22;45,2
70;141,2
77;155,2
43;86
78;156
40;78,8
44;86,8
14;26,8
64;125,6
38;78,4
48;97,2
62;124
27;52,8
69;139,2
27;51,6
21;42
16;32
34;69,2
16;33,2
29;58
10;21,2
13;24,8
39;80,4
19;35,6
44;88
34;70,4
30;61,2
79;158
40;78,8
19;38
78;153,6
14;28
24;49,2
27;54
58;113,6
62;125,2
71;139,6
53;103,6
42;84
43;86
13;28,4
47;94
23;48,4
53;108,4
14;26,8
27;54
27;54
25;47,6
21;42
14;28
73;147,2
42;85,2
75;147,6
45;88,8
24;50,4
40;77,6
23;48,4
13;23,6
51;104,4
77;152,8
29;59,2
62;124
16;30,8
15;28,8
10;18,8
77;156,4
14;29,2
47;95,2
60;117,6
48;97,2
54;108
40;78,8
66;129,6
20;37,6
62;125,2
66;132
57;116,4
62;126,4
67;135,2
58;113,6
42;84
79;158
28;53,6
71;142
47;96,4
62;125,2
39;79,2
52;105,2
26;52
51;99,6
18;33,6
78;153,6
68;138,4
20;41,2
71;143,2
31;63,2
23;46
77;154
74;148
26;52
16;33,2
72;145,2
17;32,8
60;121,2
74;149,2
12;26,4
43;87,2
56;113,2
10;22,4
78;157,2
10;20
51;100,8
47;92,8
16;32
50;101,2
22;42,8
31;59,6
44;86,8
44;86,8
37;76,4
76;153,2
79;155,6
64;126,8
13;27,2
47;92,8
10;20
74;146,8
67;135,2
76;153,2
63;127,2
60;122,4
57;115,2
53;107,2
28;57,2
67;134
58;113,6
46;94,4
32;62,8
61;124,4
21;43,2
71;144,4
56;114,4
40;81,2
39;78
78;153,6
34;69,2
34;68
35;68,8
59;118
53;106
63;127,2
50;101,2
67;134
54;105,6
15;30
28;56
55;112,4
11;20,8
13;27,2
27;51,6
12;22,8
37;74
68;133,6
55;112,4
48;94,8
19;38
41;79,6
73;144,8
59;120,4
30;58,8
39;79,2
42;86,4
61;122
40;81,2
77;152,8
65;128,8
31;60,8
31;59,6
49;98
36;72
72;141,6
70;142,4
10;20
51;104,4
39;75,6
78;153,6
75;152,4
57;115,2
26;52
31;60,8
56;110,8
68;138,4
31;60,8
77;156,4
53;106
36;70,8
53;108,4
67;136,4
67;131,6
22;46,4
52;105,2
25;52,4
52;105,2
61;124,4
40;80
36;72
21;44,4
72;145,2
39;78
72;141,6
38;74,8
36;72
21;44,4
67;132,8
51;99,6
54;109,2
52;106,4
62;122,8
72;142,8
21;39,6
41;79,6
69;140,4
56;113,2
30;60
11;24,4
80;162,4
50;97,6
55;107,6
26;54,4
50;100
59;116,8
12;25,2
24;48
21;40,8
20;42,4
46;90,8
19;35,6
31;62
70;140
80;160
62;126,4
54;110,4
13;27,2
35;71,2
21;40,8
20;41,2
74;145,6
76;150,8
26;52
47;94
80;161,2
59;116,8
13;24,8
28;53,6
37;76,4
44;90,4
47;91,6
64;130,4
19;39,2
43;87,2
76;150,8
57;116,4
13;23,6
52;106,4
54;109,2
30;62,4
10;22,4
34;68
15;30
74;146,8
79;156,8
48;93,6
45;90
56;110,8
53;108,4
70;142,4
36;74,4
77;152,8
54;110,4
56;113,2
36;69,6
30;58,8
64;129,2
70;140
43;87,2
63;128,4
11;22
22;46,4
53;107,2
37;72,8
71;139,6
60;120
10;21,2
67;136,4
23;46
71;139,6
43;83,6
26;54,4
66;132
78;158,4
65;132,4
51;102
25;48,8
36;73,2
60;122,4
22;45,2
66;132
79;156,8
38;77,2
14;28
55;107,6
50;101,2
55;111,2
42;81,6
27;51,6
79;155,6
22;42,8
66;132
78;154,8
13;27,2
40;80
79;156,8
42;86,4
63;123,6
54;109,2
36;69,6
73;148,4
63;128,4
68;134,8
80;158,8
34;65,6
74;148
71;143,2
17;35,2
62;126,4
44;88
47;94
44;88
48;96
56;114,4
80;160
24;48
37;74
26;52
55;110
63;128,4
43;88,4
14;28
54;108
10;21,2
70;142,4
13;23,6
58;116
72;146,4
34;65,6
73;143,6
51;99,6
49;96,8
55;111,2
79;155,6
49;96,8
72;145,2
37;76,4
72;144
10;17,6
30;58,8
76;153,2
73;147,2
49;100,4
21;43,2
44;86,8
12;22,8
54;108
56;113,2
48;98,4
28;54,8
34;65,6
73;146
53;103,6
24;48
19;38
57;115,2
31;63,2
57;114
71;142
74;149,2
79;156,8
29;55,6
41;79,6
37;71,6
43;83,6
79;160,4
51;100,8
39;75,6
33;63,6
73;148,4
76;150,8
55;112,4
56;113,2
42;86,4
70;142,4
19;35,6
69;136,8
26;50,8
27;55,2
67;132,8
72;142,8
32;65,2
44;86,8
58;116
32;61,6
37;71,6
77;156,4
48;93,6
15;31,2
30;61,2
75;151,2
62;121,6
75;151,2
33;63,6
59;119,2
30;60
60;121,2
55;112,4
41;83,2
63;126
19;38
18;37,2
71;144,4
54;105,6
46;93,2
11;19,6
45;91,2
10;18,8
76;153,2
47;91,6
67;135,2
43;83,6
46;90,8
60;118,8
11;24,4
80;161,2
40;80
20;42,4
70;137,6
72;142,8
36;69,6
52;106,4
39;75,6
76;154,4
68;134,8
41;84,4
58;118,4
18;33,6
40;82,4
56;113,2
34;69,2
31;63,2
24;49,2
43;87,2
54;110,4
73;147,2
34;65,6
31;60,8
73;147,2
30;60
29;55,6
39;80,4
46;89,6
36;70,8
55;112,4
66;133,2
18;33,6
40;81,2
71;139,6
24;50,4
15;30
58;113,6
49;99,2
48;94,8
48;94,8
39;75,6
25;50
36;73,2
68;136
38;73,6
34;68
78;154,8
79;160,4
11;23,2
14;25,6
66;129,6
40;80
56;112
38;78,4
76;154,4
43;83,6
18;38,4
39;75,6
36;74,4
16;33,2
54;110,4
43;83,6
46;90,8
78;153,6
56;113,2
44;86,8
57;116,4
76;153,2
72;141,6
32;61,6
44;85,6
10;20
14;29,2
30;61,2
57;111,6
55;110
51;100,8
52;102,8
78;156
68;136
12;22,8
32;65,2
14;30,4
63;123,6
66;132
36;74,4
24;50,4
36;70,8
18;33,6
80;161,2
23;48,4
46;92
33;67,2
41;80,8
69;136,8
39;79,2
49;96,8
35;72,4
36;69,6
75;152,4
71;139,6
12;26,4
45;90
14;25,6
48;93,6
40;80
54;106,8
37;71,6
72;144
56;112
68;133,6
33;66
55;108,8
33;63,6
42;82,8
59;118
29;56,8
74;148
27;56,4
39;78
10;20
10;22,4
17;32,8
19;35,6
46;90,8
19;35,6
16;34,4
50;98,8
58;116
43;88,4
76;150,8
70;140
57;116,4
21;39,6
46;94,4
60;117,6
45;91,2
66;130,8
69;140,4
17;35,2
24;48
17;36,4
53;106
11;23,2
77;155,2
41;82
64;126,8
49;96,8
59;119,2
16;32
17;32,8
64;128
53;104,8
47;95,2
79;160,4
75;151,2
51;104,4
75;147,6
72;146,4
60;122,4
29;59,2
64;128
57;116,4
16;34,4
13;27,2
40;80
18;36
65;132,4
15;31,2
24;46,8
16;29,6
27;54
12;26,4
53;106
24;48
34;68
41;84,4
57;116,4
54;108
39;76,8
55;111,2
47;96,4
48;97,2
48;97,2
58;114,8
28;56
34;68
57;114
55;107,6
15;31,2
46;93,2
72;141,6
79;156,8
69;136,8
38;74,8
20;42,4
36;69,6
51;102
57;115,2
77;154
45;90
38;78,4
12;21,6
35;68,8
41;82
13;26
63;124,8
34;69,2
61;119,6
74;145,6
37;71,6
62;124
52;106,4
43;83,6
69;139,2
51;104,4
53;107,2
45;91,2
55;108,8
37;72,8
46;92
30;61,2
60;120
54;106,8
10;17,6
40;80
78;154,8
76;150,8
27;55,2
18;38,4
60;121,2
71;144,4
47;91,6
69;136,8
35;68,8
55;111,2
64;130,4
22;42,8
52;104
53;104,8
43;83,6
47;95,2
32;64
63;128,4
33;66
61;123,2
77;151,6
22;45,2
78;154,8
75;151,2
33;63,6
46;92
55;112,4
27;52,8
23;48,4
36;69,6
48;97,2
68;138,4
45;92,4
47;94
12;22,8
34;69,2
77;156,4
75;150
56;112
16;30,8
69;138
78;154,8
68;133,6
19;38
26;53,2
53;103,6
58;118,4
36;74,4
45;92,4
27;54
45;92,4
67;136,4
27;56,4
45;88,8
54;108
28;54,8
75;148,8
56;114,4
80;158,8
72;146,4
47;91,6
50;101,2
20;40
41;82
64;125,6
23;46
36;74,4
73;146
47;96,4
62;122,8
69;138
33;64,8
31;63,2
35;72,4
59;118
70;141,2
53;108,4
73;144,8
62;122,8
51;99,6
52;101,6
28;54,8
59;115,6
15;28,8
70;138,8
25;48,8
64;128
41;82
24;49,2
17;34
23;48,4
37;71,6
60;122,4
50;101,2
80;162,4
19;40,4
69;140,4
77;156,4
31;60,8
68;134,8
60;118,8
18;37,2
74;145,6
71;144,4
35;71,2
21;39,6
69;140,4
12;22,8
17;34
59;120,4
24;49,2
26;50,8
16;30,8
41;83,2
38;74,8
40;77,6
48;97,2
68;137,2
18;36
36;74,4
69;135,6
75;147,6
37;75,2
67;136,4
46;89,6
17;36,4
43;88,4
55;108,8
49;96,8
44;86,8
26;49,6
62;121,6
77;151,6
36;72
64;129,2
25;48,8
16;29,6
10;21,2
47;91,6
29;59,2
40;82,4
79;156,8
31;59,6
20;41,2
29;60,4
57;112,8
29;59,2
51;99,6
37;74
66;129,6
59;116,8
19;40,4
37;72,8
37;72,8
10;22,4
27;52,8
46;90,8
44;88
76;150,8
53;107,2
30;60
62;125,2
30;57,6
30;57,6
80;158,8
26;50,8
55;107,6
68;133,6
33;64,8
45;87,6
46;93,2
37;71,6
50;102,4
11;19,6
62;126,4
32;62,8
17;32,8
78;154,8
39;75,6
27;56,4
11;23,2
67;131,6
23;47,2
78;156
71;143,2
57;114
46;94,4
72;145,2
36;74,4
72;141,6
73;148,4
11;24,4
44;85,6
10;21,2
28;57,2
56;110,8
62;126,4
47;96,4
19;36,8
69;136,8
72;146,4
47;91,6
31;59,6
29;58
69;139,2
61;124,4
47;92,8
75;152,4
77;156,4
53;107,2
44;85,6
27;56,4
30;57,6
35;72,4
23;43,6
13;23,6
12;25,2
44;88
78;154,8
26;49,6
22;42,8
13;28,4
11;20,8
65;128,8
29;58
30;62,4
50;100
11;20,8
39;78
48;98,4
77;151,6
44;89,2
34;66,8
71;139,6
69;136,8
53;103,6
63;123,6
47;94
15;27,6
10;22,4
11;22
45;90
76;154,4
61;124,4
56;112
79;156,8
44;86,8
41;84,4
52;104
19;36,8
70;137,6
13;26
71;142
55;112,4
67;134
51;100,8
13;23,6
41;83,2
67;135,2
21;43,2
33;68,4
42;85,2
78;158,4
48;96
42;84
49;100,4
51;99,6
79;159,2
17;31,6
40;78,8
31;62
11;20,8
26;53,2
65;130
47;95,2
13;27,2
29;58
68;133,6
69;140,4
40;78,8
58;118,4
73;144,8
79;155,6
14;29,2
48;94,8
18;33,6
24;45,6
11;22
63;126
55;112,4
76;153,2
42;82,8
72;145,2
20;37,6
17;31,6
22;44
35;67,6
46;93,2
65;130
41;84,4
49;95,6
47;92,8
40;77,6
67;134
13;26
80;161,2
58;117,2
59;119,2
68;134,8
72;141,6
14;26,8
19;38
29;60,4
64;128
10;17,6
27;51,6
70;142,4
23;44,8
43;83,6
17;36,4
60;120
40;81,2
70;137,6
24;48
55;112,4
23;47,2
40;80
33;63,6
16;30,8
67;134
63;127,2
77;156,4
35;70
49;96,8
28;58,4
57;111,6
39;76,8
29;56,8
16;33,2
19;38
23;47,2
75;152,4
61;120,8
53;108,4
32;66,4
69;138
78;154,8
22;46,4
32;61,6
70;138,8
34;66,8
42;86,4
30;61,2
12;25,2
67;134
76;149,6
64;125,6
78;158,4
65;131,2
69;135,6
70;138,8
14;28
69;140,4
65;130
75;150
65;132,4
68;137,2
43;88,4
43;84,8
46;89,6
23;46
67;134
36;69,6
80;162,4
61;119,6
12;26,4
62;122,8
38;73,6
14;26,8
17;31,6
27;55,2
26;54,4
16;32
16;34,4
46;94,4
39;78
70;138,8
44;85,6
19;39,2
22;44
19;40,4
58;116
39;79,2
13;23,6
39;80,4
47;92,8
67;134
36;69,6
44;85,6
51;103,2
13;27,2
43;88,4
38;76
32;61,6
24;46,8
22;41,6
52;106,4
40;80
25;50
48;97,2
64;130,4
18;36
74;145,6
72;142,8
77;154
25;47,6
56;113,2
49;99,2
74;145,6
20;38,8
27;56,4
24;46,8
66;132
16;34,4
50;101,2
73;146
76;153,2
26;52
26;52
20;37,6
36;72
59;115,6
63;127,2
19;39,2
77;156,4
68;137,2
56;109,6
32;64
29;58
33;64,8
32;64
22;44
21;42
41;79,6
31;60,8
49;100,4
42;86,4
27;51,6
53;103,6
63;123,6
27;56,4
49;100,4
27;54
73;143,6
55;111,2
41;79,6
13;24,8
57;115,2
63;123,6
80;162,4
64;129,2
53;106
58;113,6
70;138,8
47;91,6
51;102
23;43,6
25;48,8
76;150,8
70;137,6
37;75,2
56;112
76;150,8
80;161,2
57;114
53;107,2
60;122,4
26;54,4
21;40,8
61;122
78;154,8
55;108,8
71;143,2
42;86,4
61;119,6
58;117,2
12;22,8
72;141,6
35;70
60;122,4
46;89,6
12;22,8
60;121,2
62;122,8
56;114,4
58;118,4
40;77,6
35;67,6
12;21,6
78;158,4
19;38
37;76,4
39;75,6
65;130
28;57,2
55;108,8
70;142,4
11;20,8
54;109,2
51;103,2
11;24,4
15;30
46;89,6
19;38
20;40
24;46,8
45;91,2
72;141,6
64;130,4
31;64,4
65;128,8
72;142,8
14;25,6
78;158,4
34;65,6
27;51,6
72;145,2
65;127,6
65;132,4
25;48,8
40;77,6
29;60,4
64;129,2
38;78,4
43;86
15;28,8
28;54,8
70;141,2
26;52
66;132
18;36
21;43,2
39;78
41;80,8
40;78,8
39;76,8
44;86,8
13;24,8
47;91,6
37;72,8
43;88,4
78;154,8
22;46,4
35;67,6
17;36,4
70;142,4
40;78,8
11;23,2
79;155,6
54;105,6
37;71,6
36;70,8
78;158,4
33;66
18;33,6
56;109,6
68;138,4
20;41,2
20;41,2
51;104,4
80;158,8
43;86
67;132,8
72;142,8
30;58,8
54;106,8
14;25,6
51;103,2
64;129,2
59;120,4
75;148,8
19;35,6
37;71,6
22;45,2
77;156,4
51;99,6
24;46,8
46;90,8
20;40
16;33,2
43;84,8
70;137,6
37;76,4
75;152,4
37;72,8
60;121,2
68;138,4
22;46,4
40;78,8
36;69,6
74;150,4
61;123,2
68;136
69;138
71;140,8
49;95,6
19;36,8
31;63,2
41;82
12;26,4
11;23,2
21;44,4
49;95,6
15;27,6
69;139,2
80;158,8
47;96,4
65;127,6
21;40,8
60;118,8
13;23,6
55;110
73;146
60;122,4
42;84
46;92
79;156,8
32;65,2
42;84
45;92,4
17;31,6
50;97,6
40;77,6
17;34
59;116,8
51;100,8
51;99,6
63;123,6
33;64,8
50;97,6
31;62
26;52
78;153,6
12;25,2
73;144,8
59;116,8
75;152,4
55;110
24;49,2
46;89,6
42;82,8
60;122,4
33;63,6
36;73,2
80;158,8
38;74,8
49;98
33;63,6
17;35,2
63;123,6
40;80
29;59,2
68;134,8
52;104
40;82,4
42;82,8
28;58,4
50;101,2
43;84,8
44;88
37;71,6
69;136,8
78;154,8
43;84,8
60;120
79;156,8
46;89,6
56;110,8
58;117,2
64;125,6
76;149,6
47;95,2
16;33,2
76;152
31;63,2
80;161,2
19;36,8
65;131,2
52;104
14;25,6
51;100,8
56;114,4
44;86,8
47;94
31;60,8
79;159,2
48;96
70;142,4
39;75,6
18;36
59;116,8
29;58
72;145,2
63;123,6
61;120,8
59;116,8
31;62
74;146,8
28;57,2
52;106,4
58;116
29;59,2
78;154,8
69;140,4
69;138
13;24,8
79;160,4
79;159,2
39;80,4
43;88,4
40;78,8
55;107,6
32;64
73;143,6
43;83,6
29;59,2
45;91,2
25;48,8
53;107,2
75;147,6
14;30,4
40;78,8
19;40,4
66;133,2
68;136
77;156,4
72;142,8
59;115,6
76;153,2
23;48,4
13;27,2
64;129,2
30;61,2
77;155,2
66;132
17;36,4
78;158,4
60;117,6
52;101,6
54;108
67;131,6
61;123,2
40;77,6
19;36,8
26;53,2
19;39,2
62;121,6
61;122
74;145,6
58;117,2
47;92,8
63;123,6
42;81,6
46;89,6
62;122,8
15;32,4
47;96,4
41;84,4
75;147,6
61;124,4
25;52,4
73;144,8
78;156
17;35,2
66;133,2
18;37,2
65;132,4
69;138
52;106,4
46;94,4
11;20,8
23;43,6
21;44,4
56;112
16;33,2
37;74
37;72,8
52;105,2
66;134,4
58;116
79;158
56;109,6
73;144,8
80;158,8
24;45,6
43;83,6
49;95,6
25;47,6
49;98
29;55,6
54;110,4
53;106
74;148
19;40,4
44;85,6
77;151,6
79;155,6
15;27,6
23;46
37;72,8
78;156
51;102
75;148,8
63;123,6
80;160
52;101,6
52;105,2
72;145,2
63;126
43;83,6
64;126,8
10;22,4
12;22,8
26;50,8
63;127,2
14;26,8
74;145,6
41;82
80;158,8
12;22,8
62;124
43;86
23;44,8
53;108,4
61;119,6
33;66
78;157,2
36;69,6
18;33,6
70;140
74;150,4
40;82,4
45;92,4
29;59,2
11;23,2
50;97,6
16;32
77;156,4
15;30
25;50
10;21,2
34;66,8
68;136
36;72
32;64
60;117,6
59;115,6
58;113,6
62;124
67;134
38;74,8
11;19,6
36;70,8
62;124
38;74,8
14;28
44;88
51;104,4
31;62
17;34
77;151,6
38;78,4
77;151,6
32;66,4
29;58
40;77,6
51;100,8
57;115,2
15;28,8
53;104,8
54;110,4
51;100,8
67;134
46;89,6
18;34,8
11;20,8
49;96,8
70;142,4
19;39,2
59;120,4
39;79,2
73;147,2
62;124
17;35,2
41;79,6
69;140,4
55;108,8
38;73,6
53;103,6
11;19,6
19;40,4
60;120
77;152,8
54;108
47;95,2
60;122,4
19;40,4
55;108,8
11;20,8
10;21,2
59;119,2
21;40,8
64;125,6
26;49,6
75;152,4
34;65,6
43;88,4
44;89,2
54;109,2
55;108,8
18;36
62;126,4
45;92,4
56;109,6
20;37,6
15;31,2
75;152,4
65;128,8
59;118
48;94,8
67;135,2
16;30,8
29;56,8
36;74,4
52;101,6
11;22
40;80
25;47,6
19;40,4
79;155,6
22;44
37;71,6
22;45,2
37;75,2
67;131,6
50;97,6
80;157,6
69;135,6
55;107,6
37;76,4
39;78
25;52,4
51;104,4
64;130,4
79;156,8
72;142,8
64;125,6
45;90
21;44,4
55;111,2
47;91,6
65;131,2
38;78,4
75;152,4
59;119,2
18;34,8
10;17,6
12;26,4
73;147,2
58;117,2
72;145,2
69;139,2
33;67,2
60;122,4
33;63,6
18;36
19;38
71;140,8
13;24,8
73;143,6
51;100,8
25;51,2
73;146
45;91,2
33;63,6
32;64
37;76,4
17;31,6
38;74,8
13;27,2
44;90,4
18;38,4
44;86,8
11;20,8
25;52,4
53;108,4
48;94,8
40;78,8
51;102
44;89,2
49;100,4
15;32,4
69;138
28;54,8
18;36
73;148,4
47;91,6
39;78
17;35,2
63;128,4
13;27,2
30;58,8
68;136
71;142
11;23,2
55;111,2
56;109,6
49;96,8
55;111,2
34;65,6
15;32,4
19;35,6
59;119,2
79;158
19;36,8
14;26,8
79;158
20;41,2
39;79,2
54;105,6
20;41,2
68;133,6
77;151,6
51;103,2
72;142,8
68;138,4
47;95,2
47;92,8
32;65,2
47;95,2
62;124
10;17,6
56;110,8
63;124,8
27;52,8
53;104,8
74;149,2
23;47,2
71;142
31;63,2
66;132
52;102,8
17;34
32;62,8
18;37,2
47;95,2
73;143,6
44;89,2
18;36
62;121,6
35;68,8
59;118
32;65,2
64;130,4
40;81,2
65;130
30;60
13;26
27;51,6
33;64,8
34;70,4
29;55,6
24;45,6
43;83,6
75;150
79;158
53;103,6
59;116,8
65;132,4
68;138,4
26;54,4
76;153,2
12;21,6
28;58,4
77;154
32;61,6
66;134,4
76;153,2
31;62
57;114
12;21,6
51;100,8
66;130,8
22;46,4
72;145,2
17;32,8
33;68,4
30;57,6
40;82,4
75;151,2
26;49,6
56;114,4
21;42
15;30
26;50,8
25;51,2
30;62,4
75;152,4
17;36,4
49;98
44;86,8
71;142
78;158,4
27;55,2
31;59,6
25;48,8
34;70,4
71;142
78;156
26;50,8
15;31,2
38;73,6
47;95,2
57;116,4
15;32,4
57;114
18;33,6
51;100,8
33;67,2
26;50,8
31;60,8
43;83,6
19;35,6
17;35,2
10;22,4
15;27,6
13;26
12;22,8
79;160,4
32;61,6
63;128,4
48;93,6
41;79,6
10;20
33;63,6
64;130,4
75;147,6
46;93,2
21;39,6
63;127,2
12;21,6
26;53,2
45;92,4
75;147,6
71;144,4
11;20,8
18;33,6
46;89,6
48;93,6
21;44,4
13;23,6
32;61,6
50;102,4
27;56,4
47;92,8
46;93,2
34;68
23;48,4
79;160,4
58;114,8
56;113,2
40;78,8
56;109,6
41;82
16;29,6
19;38
53;107,2
30;61,2
23;43,6
53;104,8
50;98,8
63;128,4
57;115,2
44;86,8
31;59,6
74;148
10;20
22;42,8
16;30,8
33;63,6
68;133,6
64;128
39;76,8
64;130,4
49;98
33;67,2
76;150,8
11;22
27;56,4
67;132,8
46;94,4
76;149,6
25;52,4
77;151,6
21;44,4
46;93,2
11;22
49;95,6
46;89,6
45;92,4
29;60,4
17;36,4
52;101,6
57;111,6
27;54
51;102
19;38
14;25,6
68;134,8
77;156,4
74;145,6
45;92,4
53;106
21;43,2
41;82
49;98
59;116,8
21;42
35;70
75;151,2
77;154
12;21,6
75;152,4
20;41,2
54;108
24;50,4
35;70
29;58
27;52,8
66;133,2
12;22,8
39;79,2
79;156,8
37;74
62;126,4
16;29,6
68;133,6
45;88,8
36;72
15;27,6
64;129,2
79;155,6
39;75,6
57;112,8
16;33,2
24;48
54;106,8
65;127,6
73;143,6
56;114,4
13;23,6
78;157,2
53;104,8
73;144,8
20;37,6
28;58,4
31;63,2
45;88,8
12;25,2
31;62
26;53,2
10;18,8
56;109,6
39;79,2
14;30,4
35;68,8
30;58,8
37;72,8
26;49,6
20;42,4
55;112,4
34;65,6
13;23,6
28;53,6
33;68,4
41;84,4
19;39,2
68;137,2
62;126,4
71;144,4
17;31,6
30;61,2
77;156,4
19;40,4
66;134,4
44;85,6
35;71,2
27;54
51;103,2
52;102,8
10;22,4
13;27,2
25;47,6
78;157,2
70;140
26;50,8
10;21,2
76;152
16;29,6
42;81,6
43;86
21;43,2
39;80,4
72;145,2
20;42,4
80;158,8
72;145,2
19;35,6
26;54,4
31;64,4
58;113,6
71;140,8
79;160,4
48;93,6
70;137,6
61;123,2
62;124
26;52
56;109,6
62;122,8
44;89,2
37;76,4
14;25,6
76;150,8
32;61,6
42;86,4
48;96
21;42
48;98,4
52;102,8
74;148
56;114,4
61;119,6
39;78
30;60
71;140,8
76;149,6
73;143,6
42;81,6
33;63,6
52;105,2
14;30,4
75;147,6
73;147,2
23;46
38;78,4
59;116,8
19;39,2
35;70
77;152,8
54;109,2
71;139,6
58;114,8
78;156
19;36,8
52;102,8
78;154,8
49;100,4
73;144,8
33;63,6
38;76
55;112,4
43;83,6
47;92,8
67;136,4
62;122,8
35;71,2
67;131,6
16;30,8
63;123,6
19;36,8
51;103,2
28;53,6
11;22
60;122,4
73;147,2
71;142
55;110
70;141,2
26;49,6
25;50
68;134,8
15;28,8
33;64,8
14;25,6
28;54,8
80;158,8
42;81,6
35;70
31;63,2
44;90,4
32;62,8
30;60
60;117,6
76;153,2
55;108,8
77;156,4
12;24
29;55,6
59;116,8
54;110,4
41;79,6
18;38,4
77;155,2
64;125,6
44;86,8
61;120,8
31;64,4
50;102,4
69;140,4
63;124,8
39;75,6
46;89,6
13;26
62;122,8
11;22
31;63,2
52;106,4
15;30
48;98,4
71;140,8
64;130,4
48;93,6
12;26,4
50;100
32;61,6
66;133,2
26;52
26;53,2
15;30
22;45,2
76;154,4
77;154
10;20
58;118,4
79;155,6
16;34,4
16;30,8
57;112,8
11;19,6
30;57,6
18;38,4
39;80,4
26;50,8
80;160
36;72
74;146,8
76;154,4
11;22
59;120,4
20;41,2
10;20
14;25,6
66;132
63;124,8
50;101,2
52;104
55;108,8
42;85,2
35;71,2
23;43,6
39;76,8
47;94
46;89,6
49;99,2
26;52
20;42,4
23;43,6
29;60,4
63;124,8
71;143,2
76;154,4
64;130,4
75;152,4
32;62,8
36;72
65;128,8
72;144
33;67,2
64;128
25;48,8
13;28,4
68;138,4
29;60,4
38;73,6
13;24,8
13;24,8
29;55,6
25;51,2
67;132,8
30;61,2
57;111,6
63;128,4
34;66,8
37;72,8
42;84
49;98
40;80
61;122
37;72,8
55;107,6
31;63,2
75;152,4
43;83,6
20;41,2
33;66
22;45,2
23;46
28;54,8
53;104,8
55;107,6
12;24
42;84
10;20
50;100
48;96
80;161,2
29;56,8
23;46
75;148,8
45;90
55;110
18;36
80;160
14;30,4
36;70,8
60;121,2
23;44,8
45;88,8
13;23,6
45;87,6
12;25,2
78;153,6
65;127,6
67;134
68;138,4
40;82,4
40;78,8
80;158,8
45;90
41;80,8
32;61,6
68;137,2
72;144
48;97,2
11;23,2
44;85,6
14;25,6
20;37,6
49;95,6
31;63,2
47;96,4
80;162,4
66;133,2
21;39,6
16;32
35;71,2
49;98
17;34
36;73,2
40;80
16;33,2
23;47,2
76;149,6
66;133,2
72;146,4
52;105,2
19;38
79;160,4
57;114
63;128,4
51;103,2
49;98
71;139,6
46;94,4
53;106
34;69,2
52;105,2
18;33,6
24;48
42;86,4
76;153,2
79;156,8
35;71,2
78;158,4
16;30,8
35;70
56;113,2
52;101,6
52;105,2
45;88,8
80;162,4
48;96
71;143,2
43;87,2
59;116,8
55;110
55;107,6
19;40,4
57;112,8
26;53,2
12;21,6
10;21,2
77;151,6
46;93,2
78;157,2
73;147,2
52;105,2
61;122
12;21,6
54;106,8
42;86,4
60;121,2
64;126,8
42;85,2
58;116
77;152,8
27;52,8
55;107,6
38;78,4
71;139,6
12;26,4
46;89,6
19;38
58;117,2
19;36,8
56;114,4
61;122
15;32,4
73;148,4
69;140,4
38;74,8
79;156,8
28;57,2
67;132,8
78;154,8
16;32
55;112,4
71;140,8
17;36,4
63;128,4
62;122,8
44;88
30;58,8
78;153,6
13;26
35;71,2
10;18,8
29;58
70;140
78;153,6
46;94,4
60;120
53;106
50;101,2
68;136
73;148,4
43;83,6
65;130
73;144,8
13;27,2
25;47,6
54;106,8
42;82,8
75;151,2
20;38,8
49;100,4
67;132,8
13;27,2
48;96
42;84
51;99,6
64;128
22;44
28;57,2
48;97,2
44;86,8
77;155,2
31;59,6
61;123,2
72;144
74;150,4
71;144,4
66;134,4
53;107,2
67;134
66;133,2
61;119,6
73;148,4
50;98,8
47;95,2
59;118
36;72
78;154,8
52;102,8
56;112
46;92
54;110,4
46;93,2
36;72
17;32,8
44;85,6
54;110,4
39;76,8
66;133,2
42;82,8
12;21,6
27;52,8
20;41,2
78;157,2
10;22,4
71;143,2
51;100,8
23;48,4
65;128,8
16;33,2
28;57,2
64;126,8
64;128
74;149,2
24;46,8
42;86,4
58;113,6
51;99,6
32;62,8
15;27,6
23;46
66;133,2
53;108,4
76;154,4
61;123,2
66;134,4
65;132,4
61;122
11;22
78;156
55;108,8
65;128,8
37;72,8
28;53,6
33;63,6
79;158
71;142
33;63,6
80;158,8
38;76
28;53,6
62;126,4
22;42,8
59;115,6
35;70
26;52
53;104,8
48;98,4
51;100,8
54;109,2
27;51,6
58;118,4
43;88,4
11;22
29;55,6
19;38
65;130
35;67,6
55;108,8
33;64,8
50;100
16;33,2
67;135,2
64;128
71;140,8
69;139,2
10;21,2
36;73,2
57;112,8
61;120,8
54;106,8
63;123,6
51;102
23;47,2
50;101,2
57;114
21;42
25;52,4
48;94,8
77;152,8
69;136,8
28;58,4
19;38
67;131,6
51;99,6
64;128
10;18,8
80;160
34;69,2
26;54,4
64;125,6
43;84,8
46;92
63;127,2
26;52
36;74,4
12;26,4
52;105,2
30;61,2
28;57,2
48;97,2
12;24
16;32
26;53,2
38;74,8
68;133,6
24;48
64;126,8
26;52
41;83,2
37;72,8
72;141,6
59;120,4
42;86,4
67;131,6
30;62,4
80;162,4
70;141,2
57;116,4
56;110,8
22;41,6
78;153,6
14;29,2
40;81,2
26;49,6
68;133,6
55;108,8
42;82,8
51;100,8
80;157,6
72;145,2
51;99,6
65;127,6
27;51,6
39;79,2
49;95,6
71;143,2
58;118,4
26;52
52;102,8
10;21,2
33;68,4
70;137,6
56;114,4
11;22
56;110,8
69;140,4
35;71,2
53;107,2
39;78
34;69,2
58;113,6
28;58,4
48;94,8
53;108,4
55;107,6
62;121,6
72;146,4
65;127,6
13;23,6
38;77,2
11;24,4
18;33,6
39;76,8
30;61,2
76;150,8
12;21,6
22;45,2
64;125,6
14;30,4
62;126,4
47;92,8
42;84
36;73,2
28;58,4
62;124
24;46,8
66;130,8
66;134,4
30;61,2
58;114,8
13;27,2
61;122
80;157,6
50;97,6
40;77,6
47;95,2
21;42
57;115,2
76;150,8
49;100,4
16;34,4
60;121,2
44;88
39;76,8
61;122
52;104
73;143,6
29;58
18;37,2
71;143,2
41;80,8
24;46,8
11;20,8
56;113,2
39;80,4
26;52
64;126,8
67;132,8
66;132
70;140
29;59,2
56;109,6
27;56,4
53;103,6
35;67,6
58;118,4
47;92,8
80;161,2
43;86
26;54,4
21;39,6
70;138,8
78;158,4
34;69,2
65;131,2
69;136,8
10;21,2
25;48,8
13;26
11;23,2
45;90
42;84
40;81,2
46;94,4
72;144
39;75,6
29;59,2
15;32,4
14;30,4
34;66,8
73;147,2
31;64,4
43;83,6
45;87,6
20;42,4
79;155,6
44;89,2
24;46,8
61;120,8
20;37,6
38;74,8
12;21,6
18;34,8
13;24,8
51;103,2
48;93,6
39;75,6
33;64,8
56;113,2
10;22,4
48;93,6
65;128,8
38;78,4
20;37,6
40;77,6
38;73,6
30;61,2
38;78,4
11;19,6
18;34,8
57;115,2
71;142
28;54,8
22;41,6
60;117,6
19;36,8
70;140
29;55,6
28;54,8
45;90
48;96
61;122
70;138,8
62;122,8
30;58,8
19;36,8
29;60,4
53;103,6
45;88,8
73;144,8
49;98
17;32,8
80;160
73;147,2
26;53,2
61;119,6
71;144,4
11;23,2
13;26
18;33,6
79;156,8
32;62,8
26;53,2
52;104
34;69,2
15;28,8
68;137,2
38;78,4
22;41,6
68;136
25;51,2
13;26
47;96,4
36;69,6
34;68
39;80,4
26;49,6
28;54,8
65;128,8
27;54
52;106,4
35;67,6
13;26
38;77,2
29;55,6
76;153,2
39;75,6
56;114,4
64;125,6
34;70,4
53;108,4
76;150,8
66;133,2
58;114,8
18;36
45;90
42;81,6
11;19,6
12;22,8
32;65,2
57;112,8
23;43,6
46;94,4
79;159,2
19;36,8
55;112,4
74;146,8
13;28,4
54;106,8
24;46,8
22;42,8
79;160,4
26;49,6
17;32,8
72;145,2
24;48
35;70
42;82,8
11;23,2
77;152,8
57;115,2
45;91,2
24;50,4
70;137,6
43;83,6
20;42,4
68;137,2
61;122
17;34
24;46,8
49;100,4
46;89,6
47;92,8
51;100,8
78;158,4
56;113,2
62;121,6
73;146
61;123,2
20;38,8
41;79,6
55;111,2
12;26,4
48;97,2
12;24
48;94,8
36;73,2
45;90
44;86,8
19;38
44;89,2
24;46,8
37;72,8
19;36,8
58;117,2
36;72
69;135,6
18;37,2
15;27,6
24;50,4
18;36
45;88,8
18;33,6
26;50,8
24;46,8
54;109,2
14;25,6
40;82,4
64;126,8
59;116,8
68;134,8
52;106,4
43;84,8
49;95,6
53;103,6
69;140,4
63;123,6
78;154,8
66;132
75;151,2
50;98,8
38;77,2
12;25,2
34;66,8
16;34,4
65;131,2
27;54
55;110
62;125,2
50;97,6
27;55,2
42;86,4
11;23,2
67;131,6
68;136
21;44,4
36;69,6
59;119,2
27;56,4
41;79,6
15;30
66;134,4
52;102,8
71;140,8
59;120,4
30;60
39;80,4
22;44
51;100,8
25;52,4
67;132,8
51;103,2
38;77,2
63;123,6
47;91,6
15;30
56;110,8
52;105,2
14;29,2
38;76
35;72,4
78;156
74;148
52;101,6
79;159,2
55;112,4
74;150,4
32;64
12;26,4
30;62,4
26;52
25;50
16;30,8
32;65,2
48;93,6
49;95,6
63;124,8
41;80,8
64;130,4
42;81,6
60;118,8
28;58,4
72;144
48;96
31;60,8
26;50,8
76;149,6
28;53,6
27;55,2
20;41,2
22;44
38;76
39;80,4
80;161,2
69;136,8
13;27,2
18;34,8
66;130,8
62;121,6
22;46,4
43;84,8
49;98
57;115,2
14;28
37;72,8
37;76,4
73;148,4
40;78,8
12;25,2
29;60,4
14;25,6
25;50
54;109,2
10;17,6
14;25,6
36;72
23;43,6
70;140
21;40,8
45;88,8
79;158
80;161,2
19;38
17;32,8
78;156
72;142,8
68;138,4
43;87,2
11;22
58;118,4
38;76
21;42
45;92,4
78;154,8
62;125,2
30;62,4
46;93,2
47;94
24;45,6
18;33,6
17;32,8
40;82,4
47;94
16;33,2
21;40,8
39;79,2
77;152,8
14;25,6
75;152,4
65;128,8
18;33,6
67;135,2
25;51,2
41;79,6
41;83,2
38;74,8
38;77,2
23;43,6
22;41,6
37;72,8
22;46,4
25;50
21;39,6
10;22,4
28;56
66;132
61;124,4
70;141,2
23;48,4
45;90
14;30,4
63;124,8
47;96,4
20;40
23;46
18;38,4
50;98,8
48;96
32;65,2
47;92,8
50;102,4
39;76,8
40;80
57;114
14;30,4
14;29,2
51;100,8
37;71,6
11;23,2
60;118,8
37;74
30;57,6
34;69,2
70;142,4
71;140,8
57;111,6
40;77,6
34;70,4
44;85,6
56;110,8
15;31,2
63;124,8
28;53,6
26;50,8
55;111,2
14;29,2
57;111,6
11;20,8
65;130
19;35,6
54;108
43;83,6
55;107,6
38;76
33;67,2
32;66,4
28;54,8
42;86,4
48;96
66;132
78;154,8
25;52,4
32;61,6
70;138,8
34;70,4
74;149,2
28;53,6
19;35,6
12;25,2
60;118,8
12;26,4
77;156,4
72;146,4
44;88
49;99,2
70;137,6
74;149,2
57;114
27;54
14;26,8
79;155,6
49;100,4
36;69,6
73;143,6
29;60,4
40;82,4
51;99,6
58;113,6
48;98,4
17;36,4
33;63,6
33;63,6
77;156,4
51;104,4
33;63,6
28;58,4
25;48,8
40;77,6
53;106
41;79,6
60;120
40;80
42;84
57;112,8
45;87,6
62;125,2
67;134
80;161,2
23;46
74;150,4
31;64,4
55;112,4
33;64,8
38;77,2
45;88,8
35;68,8
24;46,8
42;86,4
20;42,4
33;67,2
36;73,2
68;134,8
20;38,8
61;122
49;100,4
59;118
61;119,6
64;128
18;36
31;62
70;142,4
55;108,8
35;68,8
54;110,4
31;64,4
44;88
19;39,2
65;127,6
78;156
32;64
60;122,4
63;127,2
47;92,8
27;55,2
72;141,6
42;85,2
29;60,4
72;144
74;149,2
41;83,2
44;86,8
65;128,8
78;158,4
19;39,2
45;87,6
42;85,2
18;34,8
65;128,8
74;146,8
27;55,2
13;28,4
11;24,4
17;32,8
31;59,6
80;162,4
46;92
28;53,6
65;131,2
47;92,8
72;141,6
17;31,6
31;63,2
16;30,8
63;126
76;152
16;33,2
19;36,8
16;32
76;153,2
52;102,8
33;67,2
18;37,2
23;43,6
37;72,8
54;110,4
67;132,8
59;120,4
62;124
57;114
11;23,2
62;121,6
75;150
18;34,8
60;120
40;82,4
74;145,6
48;98,4
70;138,8
23;47,2
52;106,4
36;72
25;48,8
25;50
41;79,6
60;120
46;90,8
43;83,6
50;100
68;134,8
28;58,4
34;66,8
56;113,2
67;136,4
66;132
47;95,2
68;134,8
52;102,8
66;132
19;38
38;78,4
51;99,6
36;72
37;75,2
71;140,8
55;111,2
63;123,6
28;57,2
72;141,6
75;151,2
55;108,8
51;103,2
80;162,4
13;28,4
43;84,8
77;152,8
10;22,4
67;131,6
14;26,8
39;75,6
22;46,4
40;78,8
77;152,8
53;103,6
72;142,8
50;100
30;61,2
32;64
12;22,8
40;77,6
35;68,8
61;120,8
70;140
41;82
25;48,8
53;103,6
61;122
20;38,8
52;106,4
52;102,8
43;83,6
19;36,8
13;24,8
22;44
69;140,4
43;86
67;136,4
43;87,2
55;108,8
52;104
78;154,8
44;88
22;44
24;46,8
79;159,2
20;40
74;146,8
18;36
40;78,8
61;123,2
26;50,8
29;58
34;66,8
22;42,8
31;59,6
39;80,4
20;40
33;66
79;155,6
19;40,4
61;122
53;107,2
37;74
30;62,4
41;80,8
14;26,8
59;116,8
53;104,8
34;69,2
61;124,4
29;55,6
33;66
30;60
43;88,4
59;118
18;37,2
14;29,2
30;62,4
68;138,4
73;148,4
22;45,2
12;24
22;46,4
33;64,8
79;155,6
60;122,4
21;39,6
48;93,6
76;152
70;142,4
60;122,4
77;152,8
56;110,8
13;28,4
15;27,6
37;71,6
21;40,8
70;142,4
13;26
75;151,2
24;48
31;59,6
15;32,4
29;55,6
16;34,4
65;128,8
58;116
30;62,4
21;42
51;100,8
33;64,8
39;75,6
27;55,2
23;47,2
67;132,8
63;123,6
20;41,2
44;86,8
21;39,6
52;105,2
55;111,2
12;25,2
19;36,8
63;127,2
46;92
19;39,2
39;80,4
66;132
27;51,6
50;98,8
25;52,4
25;52,4
30;60
30;60
62;122,8
40;78,8
13;27,2
68;138,4
18;36
32;66,4
75;151,2
59;120,4
20;40
51;99,6
59;116,8
22;45,2
73;147,2
54;106,8
63;123,6
67;131,6
77;152,8
35;72,4
55;111,2
80;162,4
27;54
27;56,4
50;100
25;50
66;134,4
33;64,8
46;90,8
80;161,2
62;121,6
12;26,4
68;137,2
55;112,4
40;80
56;110,8
14;30,4
56;113,2
66;132
47;92,8
44;85,6
22;46,4
78;157,2
58;113,6
18;38,4
79;158
15;30
55;110
13;24,8
51;104,4
58;117,2
41;83,2
19;36,8
79;155,6
18;37,2
25;50
39;76,8
15;30
72;146,4
50;102,4
15;31,2
44;88
31;60,8
54;108
25;47,6
23;44,8
36;72
68;138,4
16;34,4
51;103,2
44;88
42;81,6
31;64,4
36;72
17;35,2
18;36
42;82,8
13;26
25;47,6
29;59,2
77;156,4
59;116,8
28;53,6
15;28,8
48;93,6
30;57,6
56;114,4
72;141,6
54;108
60;118,8
53;108,4
34;65,6
10;18,8
56;112
71;142
23;48,4
63;124,8
40;81,2
65;130
70;142,4
66;129,6
23;46
26;52
19;36,8
41;84,4
23;43,6
26;53,2
20;42,4
50;100
31;60,8
80;162,4
39;78
37;76,4
13;23,6
46;93,2
41;83,2
53;106
46;93,2
27;54
42;81,6
36;70,8
26;52
33;64,8
48;98,4
31;63,2
56;113,2
25;48,8
16;33,2
22;42,8
49;99,2
23;43,6
72;141,6
46;93,2
24;46,8
40;80
36;74,4
45;92,4
69;139,2
13;26
65;130
56;114,4
33;67,2
42;85,2
18;37,2
73;144,8
36;72
30;57,6
14;28
38;73,6
22;42,8
25;52,4
46;89,6
16;30,8
49;95,6
46;92
53;104,8
33;66
16;33,2
17;35,2
11;22
49;100,4
51;99,6
62;121,6
26;54,4
80;158,8
61;124,4
43;84,8
26;52
51;103,2
76;149,6
37;75,2
53;104,8
45;87,6
43;84,8
21;40,8
73;147,2
38;78,4
59;120,4
46;89,6
22;42,8
34;69,2
69;135,6
47;94
30;62,4
71;143,2
40;78,8
68;136
64;126,8
45;92,4
80;158,8
69;139,2
35;68,8
58;117,2
60;117,6
26;54,4
78;158,4
72;142,8
11;19,6
62;126,4
56;109,6
74;148
52;102,8
45;87,6
19;40,4
77;155,2
57;114
57;115,2
67;132,8
44;86,8
32;64
48;96
34;68
58;116
65;132,4
15;30
10;22,4
18;37,2
78;158,4
35;67,6
58;118,4
47;95,2
33;66
63;128,4
33;67,2
31;60,8
22;44
13;26
34;69,2
23;46
68;136
25;51,2
55;110
35;71,2
16;30,8
39;75,6
59;120,4
68;133,6
13;24,8
56;113,2
31;59,6
24;45,6
74;148
77;151,6
13;26
52;106,4
15;28,8
48;93,6
40;80
44;89,2
63;126
71;142
18;36
37;75,2
64;126,8
19;35,6
52;104
59;115,6
15;27,6
55;110
36;69,6
71;139,6
14;29,2
48;97,2
49;99,2
53;108,4
38;78,4
34;70,4
34;65,6
71;143,2
80;161,2
21;43,2
61;119,6
56;110,8
52;101,6
48;94,8
65;132,4
53;103,6
35;71,2
14;25,6
73;143,6
57;116,4
37;71,6
60;122,4
75;150
34;69,2
67;134
46;90,8
14;26,8
56;114,4
29;56,8
31;62
75;147,6
58;114,8
19;38
56;113,2
33;63,6
37;72,8
35;71,2
24;48
44;85,6
65;128,8
28;57,2
17;32,8
64;129,2
33;64,8
22;42,8
63;128,4
51;104,4
73;147,2
10;21,2
32;66,4
70;138,8
31;59,6
23;48,4
63;126
57;111,6
67;135,2
75;148,8
57;111,6
68;133,6
13;26
34;70,4
47;92,8
49;98
22;44
65;128,8
76;150,8
46;90,8
65;132,4
13;28,4
57;111,6
35;71,2
38;74,8
60;121,2
35;67,6
48;97,2
54;109,2
11;24,4
59;120,4
67;131,6
55;108,8
32;65,2
79;156,8
37;75,2
38;74,8
33;67,2
59;120,4
33;67,2
75;148,8
10;21,2
26;53,2
16;30,8
54;105,6
28;53,6
50;98,8
59;118
18;38,4
36;69,6
22;42,8
40;77,6
10;21,2
71;143,2
31;60,8
60;117,6
68;136
56;109,6
19;36,8
28;57,2
31;62
67;132,8
16;32
77;154
50;102,4
51;99,6
34;69,2
38;76
10;20
43;83,6
52;105,2
46;93,2
17;36,4
35;72,4
47;94
63;128,4
35;67,6
27;51,6
71;142
66;133,2
64;130,4
67;134
34;68
31;63,2
48;97,2
21;43,2
70;141,2
15;32,4
59;116,8
49;99,2
33;63,6
61;122
57;112,8
48;94,8
43;86
17;34
28;56
70;141,2
54;105,6
11;23,2
43;86
74;149,2
16;33,2
65;128,8
59;119,2
15;31,2
65;130
44;86,8
69;135,6
36;73,2
22;42,8
12;26,4
30;58,8
12;24
50;101,2
67;132,8
23;48,4
30;61,2
56;113,2
20;42,4
26;49,6
80;158,8
19;39,2
14;28
40;80
80;161,2
65;127,6
28;53,6
52;104
41;79,6
13;23,6
23;47,2
45;90
41;84,4
11;20,8
33;64,8
32;64
57;111,6
68;133,6
40;80
32;64
41;79,6
69;138
18;34,8
26;52
55;112,4
17;35,2
59;115,6
50;101,2
65;132,4
55;108,8
30;57,6
24;49,2
64;128
24;46,8
56;109,6
80;158,8
53;103,6
49;99,2
10;22,4
69;135,6
40;80
45;88,8
79;159,2
52;101,6
28;54,8
41;84,4
65;132,4
21;39,6
69;139,2
15;31,2
62;122,8
77;154
31;62
25;52,4
29;56,8
67;134
70;140
50;98,8
70;137,6
74;146,8
25;47,6
72;144
47;94
66;130,8
64;125,6
61;122
20;42,4
25;47,6
70;141,2
39;75,6
64;126,8
58;114,8
74;150,4
35;71,2
40;81,2
40;80
70;137,6
48;94,8
25;48,8
37;72,8
76;150,8
39;80,4
44;85,6
80;157,6
49;95,6
44;85,6
30;61,2
56;112
18;36
37;72,8
71;142
16;29,6
18;34,8
26;49,6
19;38
25;52,4
78;153,6
78;156
51;102
17;35,2
16;29,6
61;122
67;131,6
59;115,6
57;114
65;127,6
14;26,8
25;48,8
18;38,4
66;133,2
50;97,6
65;127,6
30;57,6
71;143,2
37;71,6
12;22,8
22;45,2
33;67,2
71;140,8
29;58
55;107,6
33;66
40;77,6
38;78,4
29;55,6
33;64,8
68;134,8
71;143,2
63;127,2
41;79,6
67;131,6
40;78,8
24;50,4
65;127,6
18;38,4
34;65,6
37;71,6
10;18,8
47;92,8
68;138,4
72;144
22;41,6
35;71,2
67;131,6
30;57,6
48;93,6
41;83,2
59;118
20;38,8
27;51,6
25;50
51;100,8
53;108,4
53;103,6
64;126,8
44;88
29;56,8
47;96,4
26;53,2
68;136
26;50,8
29;55,6
15;31,2
52;105,2
54;105,6
16;29,6
63;126
24;48
76;150,8
20;37,6
77;155,2
77;151,6
14;30,4
12;25,2
22;46,4
10;21,2
54;110,4
18;36
78;158,4
73;143,6
47;91,6
56;113,2
50;98,8
63;124,8
73;146
74;146,8
57;116,4
15;27,6
61;122
68;137,2
24;46,8
76;149,6
55;111,2
36;70,8
65;127,6
73;147,2
17;31,6
66;133,2
53;107,2
55;111,2
38;73,6
26;50,8
18;34,8
48;94,8
76;152
30;61,2
32;62,8
30;58,8
37;75,2
57;114
36;69,6
40;81,2
57;111,6
68;134,8
14;28
67;135,2
13;28,4
78;154,8
47;94
46;94,4
74;146,8
76;152
67;131,6
79;155,6
77;151,6
33;64,8
44;86,8
42;86,4
53;107,2
73;144,8
33;67,2
53;107,2
59;115,6
18;37,2
64;130,4
12;22,8
19;35,6
57;114
29;55,6
54;105,6
61;124,4
13;26
36;69,6
76;154,4
46;92
18;38,4
58;113,6
60;120
66;130,8
59;118
30;60
67;132,8
17;36,4
30;62,4
69;136,8
10;17,6
27;51,6
24;49,2
11;24,4
35;72,4
17;31,6
66;132
44;86,8
58;118,4
57;116,4
21;42
42;82,8
76;153,2
13;26
69;140,4
66;129,6
41;82
38;78,4
72;142,8
18;34,8
22;42,8
21;42
63;123,6
32;66,4
23;46
33;68,4
39;76,8
50;97,6
44;89,2
63;124,8
70;140
10;17,6
65;132,4
18;38,4
12;22,8
48;94,8
67;134
55;107,6
11;20,8
78;153,6
68;133,6
25;47,6
20;42,4
76;150,8
62;125,2
44;89,2
59;119,2
43;83,6
59;120,4
26;52
32;62,8
11;19,6
77;154
15;27,6
57;115,2
62;122,8
31;62
68;134,8
62;125,2
77;154
69;138
53;106
40;78,8
62;122,8
75;148,8
36;72
39;78
64;128
57;116,4
35;71,2
34;69,2
19;40,4
44;86,8
17;36,4
63;126
44;90,4
72;142,8
41;82
80;162,4
56;114,4
63;127,2
10;18,8
61;120,8
22;46,4
50;102,4
23;44,8
29;60,4
39;76,8
58;116
38;77,2
77;155,2
66;133,2
17;34
48;97,2
14;30,4
12;21,6
58;113,6
50;101,2
38;74,8
29;59,2
28;53,6
23;48,4
54;108
13;27,2
73;147,2
79;155,6
18;38,4
64;130,4
10;20
47;95,2
43;88,4
30;57,6
42;86,4
73;148,4
77;156,4
54;105,6
75;152,4
33;67,2
67;134
26;53,2
49;95,6
18;37,2
45;88,8
25;52,4
21;42
78;156
52;105,2
75;151,2
37;76,4
65;131,2
27;55,2
26;49,6
51;100,8
77;154
52;102,8
21;39,6
48;93,6
72;141,6
58;117,2
63;123,6
55;110
39;75,6
31;59,6
22;41,6
37;75,2
27;55,2
59;116,8
12;26,4
40;78,8
67;132,8
53;106
44;85,6
31;62
27;52,8
63;127,2
43;88,4
15;27,6
10;17,6
24;48
58;113,6
63;124,8
23;44,8
75;152,4
29;55,6
46;94,4
75;148,8
65;128,8
55;107,6
46;89,6
57;115,2
23;46
21;40,8
79;158
66;129,6
42;86,4
69;140,4
37;71,6
51;103,2
61;120,8
62;126,4
12;26,4
21;39,6
11;19,6
80;161,2
42;82,8
19;39,2
12;22,8
66;134,4
35;72,4
11;24,4
14;29,2
44;89,2
31;64,4
22;42,8
56;112
57;112,8
74;149,2
54;108
69;138
43;88,4
52;106,4
44;89,2
50;97,6
12;25,2
75;150
62;121,6
13;28,4
17;34
11;22
38;74,8
28;58,4
